GEO ID,State Abbreviation,State,Year,PrEP Users,PrEP Rates,Male PrEP Users,Male PrEP Rate,Female PrEP Users,Female PrEP Rate,Age LE 24 PrEP Users,Age LE 24 PrEP Rate,Age 25-34 PrEP Users,Age 25-34 PrEP Rate,Age 35-44 PrEP Users,Age 35-44 PrEP Rate,Age 45-54 PrEP Users,Age 45-54 PrEP Rate,Age 55+ PrEP Users,Age 55+ PrEP Rate
,US,United States,2012,8768,3.3,4804,3.7,3964,2.9,1449,2.7,2770,6.5,2005,4.9,1618,3.6,908,1.1
1,AL,Alabama,2012,63,2,35,2,28,1,7,1,17,3,13,2,16,2,9,1
2,AK,Alaska,2012,8,1,6,2,2,1,-1,-1,2,2,2,2,2,2,2,1
4,AZ,Arizona,2012,171,3,89,3,82,3,23,2,54,6,40,5,33,4,22,1
5,AR,Arkansas,2012,41,2,18,2,23,2,7,1,12,3,12,3,6,2,4,0
6,CA,California,2012,1063,3,767,5,296,2,92,1,316,6,289,6,227,4,140,2
8,CO,Colorado,2012,98,2,57,3,41,2,17,2,32,4,27,4,17,2,5,0
9,CT,Connecticut,2012,180,6,76,5,104,7,40,7,62,14,43,9,18,3,16,2
10,DE,Delaware,2012,46,6,18,5,28,7,13,9,14,12,13,12,3,2,3,1
11,DC,District of Columbia,2012,82,15,59,23,23,8,13,12,26,19,25,29,8,11,9,6
12,FL,Florida,2012,838,5,464,6,374,4,107,4,231,10,204,8,186,7,109,2
13,GA,Georgia,2012,280,3,151,4,129,3,27,2,106,8,69,5,54,4,24,1
15,HI,Hawaii,2012,26,2,12,2,14,2,2,1,9,5,3,2,5,3,7,2
16,ID,Idaho,2012,10,1,4,1,6,1,3,1,5,2,1,1,1,0,-1,-1
17,IL,Illinois,2012,332,3,185,4,147,3,55,3,82,5,79,5,73,4,43,1
18,IN,Indiana,2012,104,2,54,2,50,2,29,3,29,3,24,3,14,2,8,0
19,IA,Iowa,2012,60,2,22,2,38,3,12,2,23,6,8,2,11,3,6,1
20,KS,Kansas,2012,54,2,27,2,27,2,11,2,21,6,11,3,7,2,3,0
21,KY,Kentucky,2012,49,1,23,1,26,1,13,2,12,2,13,2,9,1,1,0
22,LA,Louisiana,2012,105,3,58,3,47,2,9,1,33,5,31,5,18,3,14,1
23,ME,Maine,2012,29,3,14,3,15,3,5,3,8,5,7,4,6,3,3,1
24,MD,Maryland,2012,197,4,106,4,91,4,25,3,78,10,36,5,38,4,17,1
25,MA,Massachusetts,2012,790,14,315,12,475,16,197,18,272,31,147,17,103,10,70,4
26,MI,Michigan,2012,142,2,85,2,57,1,22,1,46,4,32,3,23,2,19,1
27,MN,Minnesota,2012,105,2,54,2,51,2,20,2,32,4,20,3,24,3,9,1
28,MS,Mississippi,2012,37,2,15,1,22,2,5,1,13,3,5,1,9,2,5,1
29,MO,Missouri,2012,76,2,50,2,26,1,14,1,25,3,22,3,9,1,6,0
30,MT,Montana,2012,9,1,4,1,5,1,1,1,4,3,2,2,2,1,-1,-1
31,NE,Nebraska,2012,28,2,10,1,18,2,11,4,6,2,6,3,3,1,2,0
32,NV,Nevada,2012,42,2,26,2,16,1,7,2,15,4,7,2,10,3,3,0
33,NH,New Hampshire,2012,39,3,16,3,23,4,8,4,14,9,8,5,5,2,4,1
34,NJ,New Jersey,2012,334,4,151,4,183,5,64,5,100,9,67,6,65,5,37,2
35,NM,New Mexico,2012,38,2,22,3,16,2,3,1,13,5,8,3,10,4,4,1
36,NY,New York,2012,999,6,587,7,412,5,177,5,322,12,220,9,174,6,102,2
37,NC,North Carolina,2012,214,3,99,3,115,3,43,3,53,4,54,4,49,4,15,1
38,ND,North Dakota,2012,3,1,3,1,-1,-1,-1,-1,2,2,-1,-1,1,1,-1,-1
39,OH,Ohio,2012,198,2,96,2,102,2,46,2,75,5,45,3,24,1,8,0
40,OK,Oklahoma,2012,38,1,25,2,13,1,3,0,14,3,7,1,7,1,7,1
41,OR,Oregon,2012,83,3,36,2,47,3,19,3,28,5,16,3,9,2,10,1
42,PA,Pennsylvania,2012,394,4,186,4,208,4,96,5,134,9,70,4,59,3,31,1
44,RI,Rhode Island,2012,68,8,29,7,39,8,9,5,19,15,20,15,15,10,6,2
45,SC,South Carolina,2012,72,2,34,2,38,2,11,1,26,4,16,3,13,2,5,0
46,SD,South Dakota,2012,6,1,3,1,3,1,-1,-1,4,4,-1,-1,1,1,1,0
47,TN,Tennessee,2012,100,2,58,2,42,2,21,2,33,4,21,2,16,2,9,1
48,TX,Texas,2012,519,2,314,3,205,2,70,2,152,4,114,3,123,4,59,1
49,UT,Utah,2012,28,1,18,2,10,1,3,1,8,2,11,3,5,2,1,0
50,VT,Vermont,2012,8,1,3,1,5,2,2,2,2,3,3,4,1,1,-1,-1
51,VA,Virginia,2012,256,4,147,4,109,3,33,2,98,9,53,5,56,5,16,1
53,WA,Washington,2012,188,3,104,4,84,3,35,3,59,6,42,5,31,3,22,1
54,WV,West Virginia,2012,19,1,10,1,9,1,1,0,7,3,7,3,2,1,2,0
55,WI,Wisconsin,2012,82,2,50,2,32,1,15,2,18,2,26,4,14,2,9,1
56,WY,Wyoming,2012,2,0,1,0,1,0,-1,-1,-1,-1,1,1,-1,-1,1,1
,US,United States,2013,12540,4.7,7230,5.6,5310,3.9,2083,3.9,4268,9.9,2893,7.1,2156,4.9,1133,1.3
1,AL,Alabama,2013,111,3,59,3,52,2,12,1,35,6,29,5,26,4,10,1
2,AK,Alaska,2013,12,2,8,3,4,1,4,3,3,3,0,0,2,2,3,2
4,AZ,Arizona,2013,209,4,119,4,90,3,27,2,64,7,67,8,42,5,9,1
5,AR,Arkansas,2013,39,2,22,2,17,1,4,1,13,3,14,4,2,1,6,1
6,CA,California,2013,1714,5,1319,8,395,2,152,2,506,9,455,9,403,8,200,2
8,CO,Colorado,2013,179,4,117,5,62,3,33,4,65,8,43,6,29,4,9,1
9,CT,Connecticut,2013,203,7,90,6,113,7,44,8,85,19,35,8,25,5,12,1
10,DE,Delaware,2013,45,6,19,5,26,6,11,7,10,8,14,13,8,6,2,1
11,DC,"Washington, D.C.",2013,112,20,88,33,24,8,7,7,41,28,37,41,18,24,9,6
12,FL,Florida,2013,951,6,528,7,423,5,99,3,301,12,258,11,188,7,105,2
13,GA,Georgia,2013,312,4,194,5,118,3,30,2,106,8,81,6,54,4,41,2
15,HI,Hawaii,2013,26,2,11,2,15,3,3,1,4,2,8,5,3,2,8,2
16,ID,Idaho,2013,22,2,13,2,9,1,2,1,10,5,4,2,5,2,1,0
17,IL,Illinois,2013,515,5,319,6,196,4,107,5,153,9,130,8,77,4,46,1
18,IN,Indiana,2013,151,3,68,3,83,3,43,4,41,5,39,5,17,2,12,1
19,IA,Iowa,2013,80,3,33,3,47,4,19,4,30,8,15,4,7,2,7,1
20,KS,Kansas,2013,44,2,21,2,23,2,7,1,16,4,13,4,6,2,2,0
21,KY,Kentucky,2013,71,2,39,2,32,2,17,2,20,4,14,2,10,2,9,1
22,LA,Louisiana,2013,142,4,62,3,80,4,26,3,43,7,35,6,22,4,16,1
23,ME,Maine,2013,42,4,21,4,21,4,9,5,12,8,11,7,7,3,3,1
24,MD,Maryland,2013,247,5,115,5,132,5,46,5,100,12,42,5,36,4,23,1
25,MA,Massachusetts,2013,1026,18,430,16,596,20,243,22,367,41,187,22,150,15,76,4
26,MI,Michigan,2013,228,3,120,3,108,3,47,3,62,5,39,3,54,4,26,1
27,MN,Minnesota,2013,178,4,89,4,89,4,42,5,53,7,43,6,29,4,12,1
28,MS,Mississippi,2013,40,2,19,2,21,2,5,1,14,4,5,1,13,3,3,0
29,MO,Missouri,2013,157,3,92,4,65,3,18,2,58,7,43,6,24,3,15,1
30,MT,Montana,2013,19,2,12,3,7,2,2,1,7,6,6,5,3,2,1,0
31,NE,Nebraska,2013,39,3,17,2,22,3,6,2,20,8,9,4,4,2,0,0
32,NV,Nevada,2013,78,3,58,5,20,2,8,2,33,8,18,5,13,3,6,1
33,NH,New Hampshire,2013,60,5,25,4,35,6,13,6,23,15,14,9,5,2,5,1
34,NJ,New Jersey,2013,421,6,232,6,189,5,69,5,160,14,81,7,80,6,31,1
35,NM,New Mexico,2013,50,3,32,4,18,2,11,3,15,6,6,2,8,3,10,2
36,NY,New York,2013,2002,12,1174,15,828,10,372,12,723,26,437,17,302,11,167,3
37,NC,North Carolina,2013,251,3,128,3,123,3,45,3,78,6,65,5,46,3,17,1
38,ND,North Dakota,2013,11,2,9,3,2,1,1,1,6,6,2,2,2,2,1,1
39,OH,Ohio,2013,282,3,134,3,148,3,75,4,100,7,53,4,38,2,15,0
40,OK,Oklahoma,2013,43,1,24,2,19,1,8,1,16,3,9,2,7,1,3,0
41,OR,Oregon,2013,126,4,69,4,57,3,26,4,53,10,23,4,15,3,9,1
42,PA,Pennsylvania,2013,508,5,238,5,270,5,123,6,204,13,83,5,56,3,40,1
44,RI,Rhode Island,2013,101,11,63,14,38,8,17,9,35,26,25,20,15,10,9,3
45,SC,South Carolina,2013,79,2,43,2,36,2,9,1,29,5,16,3,15,2,9,1
46,SD,South Dakota,2013,14,2,10,3,4,1,3,2,7,6,1,1,2,2,1,0
47,TN,Tennessee,2013,116,2,68,3,48,2,15,1,33,4,37,4,19,2,12,1
48,TX,Texas,2013,706,3,428,4,278,3,93,2,245,6,170,5,134,4,64,1
49,UT,Utah,2013,59,3,40,4,19,2,10,2,30,7,9,2,7,2,3,1
50,VT,Vermont,2013,7,1,3,1,4,1,1,1,2,3,2,3,1,1,1,1
51,VA,Virginia,2013,282,4,149,4,133,4,54,4,95,8,56,5,53,4,25,1
53,WA,Washington,2013,271,5,165,6,106,4,32,3,92,9,78,9,45,5,24,1
54,WV,West Virginia,2013,30,2,16,2,14,2,6,2,7,3,8,3,7,3,2,0
55,WI,Wisconsin,2013,107,2,67,3,40,2,21,2,37,5,22,3,18,2,9,1
56,WY,Wyoming,2013,7,1,4,2,3,1,1,1,3,4,1,1,0,0,2,1
,US,United States,2015,27596,10.3,20447,15.6,7149,5.2,3909,7.4,9937,22.7,6890,16.7,4828,11,2054,2.4
1,AL,Alabama,2015,175,4,127,7,48,2,20,2,62,10,51,8,27,4,15,1
2,AK,Alaska,2015,22,4,18,6,4,1,4,3,8,7,6,6,3,3,1,1
4,AZ,Arizona,2015,388,7,275,10,113,4,53,5,129,14,108,13,72,9,27,1
5,AR,Arkansas,2015,105,4,74,6,31,2,16,3,40,11,26,7,13,3,10,1
6,CA,California,2015,3860,12,3349,21,511,3,321,5,1239,22,1060,21,885,17,371,4
8,CO,Colorado,2015,383,9,277,12,106,5,65,8,148,19,100,14,56,8,14,1
9,CT,Connecticut,2015,482,16,303,20,179,11,91,15,211,48,94,21,58,11,29,3
10,DE,Delaware,2015,92,12,52,14,40,10,20,14,32,26,17,15,17,13,6,2
11,DC,"Washington, D.C.",2015,425,75,386,144,39,13,27,25,148,99,138,150,79,102,33,23
12,FL,Florida,2015,1829,11,1297,16,532,6,185,6,631,25,427,18,402,15,186,3
13,GA,Georgia,2015,791,10,583,15,208,5,92,5,247,18,225,16,165,12,64,3
15,HI,Hawaii,2015,64,5,49,8,15,3,10,5,21,10,15,9,8,4,10,2
16,ID,Idaho,2015,47,4,34,5,13,2,8,3,20,9,9,4,9,5,1,0
17,IL,Illinois,2015,1575,15,1294,25,281,5,212,10,609,34,401,24,250,14,104,3
18,IN,Indiana,2015,256,5,176,7,80,3,36,3,118,14,53,6,30,3,17,1
19,IA,Iowa,2015,148,6,92,7,56,4,28,5,52,13,37,10,24,6,7,1
20,KS,Kansas,2015,127,5,90,8,37,3,23,5,49,13,33,9,16,4,7,1
21,KY,Kentucky,2015,161,4,106,6,55,3,33,5,56,10,42,7,21,3,9,1
22,LA,Louisiana,2015,256,7,154,8,102,5,35,4,87,13,68,12,41,7,24,2
23,ME,Maine,2015,66,6,51,9,15,3,10,5,19,12,21,13,10,5,6,1
24,MD,Maryland,2015,532,11,351,15,181,7,62,7,214,26,121,16,81,9,54,3
25,MA,Massachusetts,2015,1806,31,1178,42,628,21,332,30,661,72,368,44,315,32,131,7
26,MI,Michigan,2015,489,6,342,8,147,3,78,5,163,14,113,10,92,7,43,1
27,MN,Minnesota,2015,407,9,302,14,105,5,55,6,159,21,94,14,75,10,25,2
28,MS,Mississippi,2015,111,4,67,6,44,3,22,4,37,10,30,8,20,5,3,0
29,MO,Missouri,2015,326,6,238,10,88,3,55,6,97,12,94,13,54,7,26,2
30,MT,Montana,2015,20,2,14,3,6,1,2,1,10,8,4,3,3,2,1,0
31,NE,Nebraska,2015,63,4,42,6,21,3,10,3,30,12,16,7,6,3,1,0
32,NV,Nevada,2015,149,6,117,10,32,3,10,2,57,14,42,11,33,9,6,1
33,NH,New Hampshire,2015,109,10,74,13,35,6,19,9,38,24,27,17,15,7,10,2
34,NJ,New Jersey,2015,842,11,576,16,266,7,141,10,303,26,204,17,134,10,62,3
35,NM,New Mexico,2015,92,5,61,7,31,4,9,3,30,11,27,11,13,5,13,2
36,NY,New York,2015,4253,25,3156,39,1097,13,727,23,1671,59,998,40,615,22,239,4
37,NC,North Carolina,2015,542,7,374,9,168,4,88,5,171,13,155,12,104,8,25,1
38,ND,North Dakota,2015,21,3,16,5,5,2,2,1,13,12,4,5,1,1,1,1
39,OH,Ohio,2015,673,7,490,10,183,4,107,6,264,18,175,12,97,6,27,1
40,OK,Oklahoma,2015,113,4,88,6,25,2,13,2,43,8,29,6,21,4,6,1
41,OR,Oregon,2015,314,9,221,13,93,5,53,9,109,20,72,14,59,12,20,2
42,PA,Pennsylvania,2015,944,9,638,12,306,5,158,8,381,23,212,14,123,7,67,2
44,RI,Rhode Island,2015,204,23,143,33,61,13,37,20,81,59,40,32,28,18,18,6
45,SC,South Carolina,2015,198,5,133,7,65,3,32,4,78,13,49,8,25,4,13,1
46,SD,South Dakota,2015,23,3,19,5,4,1,6,4,8,7,7,7,1,1,1,0
47,TN,Tennessee,2015,288,5,204,8,84,3,30,3,92,11,85,10,54,6,27,1
48,TX,Texas,2015,1882,9,1353,13,529,5,269,6,651,17,489,13,329,10,149,2
49,UT,Utah,2015,157,7,115,10,42,4,31,5,60,14,36,9,21,7,8,1
50,VT,Vermont,2015,35,6,24,9,11,4,4,4,12,16,9,12,7,8,3,1
51,VA,Virginia,2015,572,8,394,12,178,5,89,7,191,16,145,13,103,9,44,2
53,WA,Washington,2015,851,14,694,24,157,5,101,9,284,28,226,24,169,18,75,4
54,WV,West Virginia,2015,68,4,47,6,21,3,17,6,19,9,18,8,12,5,2,0
55,WI,Wisconsin,2015,228,5,169,7,59,2,51,5,75,10,62,9,29,4,11,1
56,WY,Wyoming,2015,8,2,6,2,2,1,1,1,4,5,3,4,0,0,0,0
,US,United States,2015,59427,21.9,49508,37.3,9919,7.1,7676,14.5,22232,50.2,14635,35.5,10633,24.4,4493,5
1,AL,Alabama,2015,440,11,339,17,101,5,53,7,166,27,105,17,78,12,41,3
2,AK,Alaska,2015,57,9,46,14,11,4,10,8,20,17,8,9,16,17,3,2
4,AZ,Arizona,2015,739,13,592,21,147,5,89,8,269,29,180,21,144,17,63,3
5,AR,Arkansas,2015,221,9,189,16,32,3,24,5,100,26,50,14,32,8,15,2
6,CA,California,2015,8097,25,7378,46,719,4,765,12,2655,46,2112,41,1782,34,830,8
8,CO,Colorado,2015,836,18,679,30,157,7,122,14,329,40,185,25,153,21,53,4
9,CT,Connecticut,2015,919,30,690,47,229,14,166,28,380,86,185,43,129,24,61,6
10,DE,Delaware,2015,168,21,128,33,40,10,22,15,73,58,29,26,27,21,18,6
11,DC,"Washington, D.C.",2015,1024,177,969,354,55,18,86,80,373,244,302,314,193,250,76,52
12,FL,Florida,2015,4081,24,3349,40,732,8,387,13,1408,54,1003,41,897,33,399,6
13,GA,Georgia,2015,1654,20,1353,33,301,7,204,12,552,40,414,30,359,26,130,5
15,HI,Hawaii,2015,156,13,126,21,30,5,18,8,53,25,39,22,27,15,20,5
16,ID,Idaho,2015,98,7,84,13,14,2,17,6,38,18,25,12,14,7,5,1
17,IL,Illinois,2015,3444,32,3046,58,398,7,413,20,1385,78,920,55,539,31,203,6
18,IN,Indiana,2015,675,12,527,20,148,5,107,9,242,29,182,22,100,11,49,3
19,IA,Iowa,2015,335,13,233,18,102,8,64,12,127,33,85,23,40,10,18,2
20,KS,Kansas,2015,269,11,222,19,47,4,28,6,128,33,47,14,43,12,22,3
21,KY,Kentucky,2015,354,10,278,15,76,4,40,6,121,22,108,19,67,11,24,2
22,LA,Louisiana,2015,562,15,421,22,141,7,88,12,219,33,134,23,88,15,34,3
23,ME,Maine,2015,138,12,106,19,32,5,18,10,59,39,30,20,21,11,10,2
24,MD,Maryland,2015,1168,23,944,39,224,9,177,19,419,51,298,39,203,23,82,5
25,MA,Massachusetts,2015,3438,59,2690,96,748,25,502,45,1331,142,719,86,607,62,298,15
26,MI,Michigan,2015,1089,13,834,20,255,6,189,12,369,30,253,22,188,14,86,3
27,MN,Minnesota,2015,873,19,739,33,134,6,132,15,309,41,223,33,149,20,64,4
28,MS,Mississippi,2015,227,9,162,14,65,5,48,9,69,18,60,16,36,10,13,2
29,MO,Missouri,2015,810,16,654,26,156,6,117,12,269,34,217,29,149,18,60,3
30,MT,Montana,2015,61,7,47,11,14,3,6,4,27,21,17,14,7,5,4,1
31,NE,Nebraska,2015,148,10,116,15,32,4,12,4,64,25,46,20,19,8,8,2
32,NV,Nevada,2015,366,15,309,26,57,5,39,9,156,38,95,25,56,14,23,3
33,NH,New Hampshire,2015,190,17,161,29,29,5,21,10,70,45,55,35,30,15,15,4
34,NJ,New Jersey,2015,1685,22,1336,37,349,9,226,16,684,59,392,34,269,20,114,5
35,NM,New Mexico,2015,190,11,160,19,30,3,33,9,68,25,38,15,28,11,23,4
36,NY,New York,2015,9114,54,7510,93,1604,18,1381,44,3770,131,2157,86,1323,48,513,9
37,NC,North Carolina,2015,1218,14,964,24,254,6,160,10,391,30,336,26,248,18,86,3
38,ND,North Dakota,2015,33,5,29,9,4,1,8,6,14,12,6,7,4,5,1,0
39,OH,Ohio,2015,1647,17,1370,29,277,6,228,12,687,46,413,29,235,15,87,3
40,OK,Oklahoma,2015,302,9,256,16,46,3,31,5,131,24,81,17,46,10,14,1
41,OR,Oregon,2015,659,19,556,33,103,6,93,15,255,46,162,31,113,22,40,3
42,PA,Pennsylvania,2015,2061,19,1606,30,455,8,331,17,827,50,437,29,311,17,152,4
44,RI,Rhode Island,2015,396,44,320,74,76,16,69,39,140,98,84,68,75,50,29,9
45,SC,South Carolina,2015,387,9,320,16,67,3,45,6,137,22,106,18,74,11,27,2
46,SD,South Dakota,2015,65,9,53,15,12,3,7,5,28,25,16,16,9,9,5,2
47,TN,Tennessee,2015,689,12,530,20,159,6,74,7,239,27,182,22,129,14,67,4
48,TX,Texas,2015,4029,18,3382,31,647,6,494,10,1489,37,1038,28,740,21,291,5
49,UT,Utah,2015,408,17,344,30,64,5,54,9,183,42,91,22,60,19,24,4
50,VT,Vermont,2015,63,12,50,19,13,5,8,8,18,25,17,24,12,13,8,4
51,VA,Virginia,2015,1137,16,932,27,205,6,148,11,441,38,242,22,228,20,85,4
53,WA,Washington,2015,1951,32,1760,59,191,6,212,19,693,66,521,56,381,40,159,8
54,WV,West Virginia,2015,129,8,108,14,21,3,15,5,51,23,29,13,26,11,6,1
55,WI,Wisconsin,2015,545,11,456,19,89,4,84,9,183,25,142,20,111,14,25,1
56,WY,Wyoming,2015,17,4,13,5,4,2,2,2,8,10,3,4,3,4,1,1
,US,United States,2016,77120,28.2,71977,53.9,5143,3.7,8600,16.4,29979,67,19380,47.1,13976,32.3,5859,6.4
1,AL,Alabama,2016,632,15,570,29,62,3,67,9,256,41,168,28,114,18,36,3
2,AK,Alaska,2016,64,11,56,18,8,3,10,8,21,17,14,15,15,16,4,2
4,AZ,Arizona,2016,1004,17,945,33,59,2,101,9,365,39,259,30,186,22,101,5
5,AR,Arkansas,2016,291,12,275,23,16,1,32,7,125,33,75,21,47,12,14,2
6,CA,California,2016,10388,32,9973,62,415,3,900,14,3653,62,2690,52,2181,42,1059,11
8,CO,Colorado,2016,1048,23,989,43,59,3,110,12,451,54,235,31,186,26,73,5
9,CT,Connecticut,2016,949,31,872,59,77,5,132,22,374,86,223,53,158,30,72,7
10,DE,Delaware,2016,245,30,213,55,32,8,28,20,96,75,53,48,41,33,30,10
11,DC,"Washington, D.C.",2016,1571,268,1519,551,52,17,125,117,631,408,445,451,281,362,106,71
12,FL,Florida,2016,5638,32,5288,62,350,4,466,16,1966,74,1450,59,1241,45,558,8
13,GA,Georgia,2016,2165,25,1991,48,174,4,191,11,737,53,576,42,515,37,167,6
15,HI,Hawaii,2016,211,18,193,32,18,3,28,13,81,39,48,27,28,16,26,6
16,ID,Idaho,2016,149,11,139,20,10,1,26,9,60,27,38,19,20,10,8,2
17,IL,Illinois,2016,4404,41,4155,80,249,5,529,26,1823,103,1130,68,706,41,256,7
18,IN,Indiana,2016,954,17,824,31,130,5,133,12,360,42,232,28,159,18,74,4
19,IA,Iowa,2016,463,18,437,34,26,2,53,10,186,47,123,33,71,18,32,3
20,KS,Kansas,2016,319,13,301,25,18,1,40,8,138,37,67,19,52,15,23,3
21,KY,Kentucky,2016,447,12,411,23,36,2,44,6,171,30,127,23,79,13,30,2
22,LA,Louisiana,2016,709,18,621,33,88,4,107,14,263,39,187,32,109,19,45,4
23,ME,Maine,2016,168,15,157,28,11,2,19,10,57,36,42,28,30,16,21,5
24,MD,Maryland,2016,1499,30,1359,56,140,5,234,25,580,69,355,46,248,29,98,6
25,MA,Massachusetts,2016,3443,59,3184,113,259,9,426,38,1354,143,732,89,650,68,316,16
26,MI,Michigan,2016,1353,16,1236,30,117,3,202,12,494,39,338,29,231,17,96,3
27,MN,Minnesota,2016,1290,28,1215,53,75,3,168,19,482,65,325,47,234,32,96,6
28,MS,Mississippi,2016,290,12,261,22,29,2,41,8,92,24,86,23,55,15,18,2
29,MO,Missouri,2016,1075,21,979,39,96,4,146,15,351,44,285,39,209,26,91,5
30,MT,Montana,2016,81,9,74,17,7,2,10,6,36,28,19,16,13,10,3,1
31,NE,Nebraska,2016,158,10,144,19,14,2,16,5,59,23,53,23,23,10,9,2
32,NV,Nevada,2016,541,22,518,42,23,2,47,11,224,53,146,37,100,26,29,4
33,NH,New Hampshire,2016,226,20,211,37,15,3,29,14,84,52,62,41,37,18,17,4
34,NJ,New Jersey,2016,1970,26,1805,49,165,4,239,17,798,69,473,41,341,26,139,5
35,NM,New Mexico,2016,246,14,225,26,21,2,32,9,102,37,49,20,42,17,25,4
36,NY,New York,2016,12686,76,11796,147,890,10,1567,51,5544,192,3125,127,1836,67,710,13
37,NC,North Carolina,2016,1472,17,1365,33,107,2,166,10,513,39,397,30,306,22,102,4
38,ND,North Dakota,2016,53,8,53,17,0,0,7,5,22,19,15,17,8,9,2,1
39,OH,Ohio,2016,2480,25,2305,49,175,3,331,18,1077,72,593,43,347,22,153,4
40,OK,Oklahoma,2016,395,12,367,23,28,2,40,6,158,29,112,24,64,13,24,2
41,OR,Oregon,2016,944,27,883,52,61,3,94,15,368,64,249,47,163,32,79,6
42,PA,Pennsylvania,2016,2744,25,2481,47,263,5,406,21,1118,67,613,41,448,26,183,5
44,RI,Rhode Island,2016,437,48,405,92,32,7,66,37,167,117,98,80,81,55,29,9
45,SC,South Carolina,2016,474,11,426,21,48,2,42,5,185,29,143,23,83,13,24,2
46,SD,South Dakota,2016,69,10,65,18,4,1,4,3,30,27,20,20,12,12,3,1
47,TN,Tennessee,2016,938,17,848,31,90,3,110,10,316,36,237,28,213,24,71,4
48,TX,Texas,2016,4808,21,4521,41,287,3,466,10,1822,45,1236,33,933,27,397,6
49,UT,Utah,2016,540,23,524,44,16,1,56,9,253,56,133,33,73,23,28,5
50,VT,Vermont,2016,61,11,52,20,9,3,6,6,22,31,18,26,14,16,3,1
51,VA,Virginia,2016,1364,19,1273,37,91,3,140,10,573,50,314,29,234,20,114,5
53,WA,Washington,2016,2694,44,2559,84,135,4,257,23,983,92,716,76,555,58,215,11
54,WV,West Virginia,2016,153,10,141,18,12,2,16,6,65,30,41,18,26,11,7,1
55,WI,Wisconsin,2016,736,15,703,29,33,1,83,9,267,37,203,30,158,20,32,2
56,WY,Wyoming,2016,26,5,25,10,1,0,6,7,8,10,4,6,4,6,4,2
,US,United States,2017,100282,36.3,94236,69.8,6046,4.3,12659,24.1,40014,88.2,24061,57.9,16774,39.2,7893,8.4
1,AL,Alabama,2017,899,22,834,42,65,3,108,14,385,61,191,32,169,27,55,4
2,AK,Alaska,2017,88,15,81,26,7,2,7,6,40,34,20,21,19,21,5,3
4,AZ,Arizona,2017,1564,27,1481,51,83,3,184,16,591,62,377,44,260,31,161,8
5,AR,Arkansas,2017,391,16,363,30,28,2,49,10,167,43,107,29,59,16,17,2
6,CA,California,2017,12778,39,12271,75,507,3,1235,19,4679,78,3196,61,2474,48,1349,13
8,CO,Colorado,2017,1416,30,1346,57,70,3,170,19,600,69,338,44,226,31,95,6
9,CT,Connecticut,2017,1214,39,1115,75,99,6,203,35,475,107,268,63,183,35,91,8
10,DE,Delaware,2017,306,38,279,71,27,6,29,21,121,92,67,60,50,40,43,14
11,DC,"Washington, D.C.",2017,1869,314,1811,648,58,18,130,129,824,507,484,474,307,402,134,87
12,FL,Florida,2017,7594,42,7219,83,375,4,686,23,2648,98,1914,75,1591,57,832,12
13,GA,Georgia,2017,2656,31,2479,60,177,4,262,15,950,67,671,48,597,42,217,8
15,HI,Hawaii,2017,242,20,229,38,13,2,31,15,89,43,66,36,35,20,24,5
16,ID,Idaho,2017,184,13,171,24,13,2,27,9,85,38,42,20,23,12,8,2
17,IL,Illinois,2017,5409,50,5043,96,366,7,800,39,2297,130,1238,76,821,49,321,9
18,IN,Indiana,2017,1236,22,1118,41,118,4,188,17,495,57,270,33,213,25,82,4
19,IA,Iowa,2017,678,26,650,50,28,2,102,19,274,70,157,42,109,28,46,5
20,KS,Kansas,2017,391,16,370,31,21,2,54,11,171,45,81,23,59,17,29,4
21,KY,Kentucky,2017,595,16,563,31,32,2,63,9,243,42,150,27,104,18,43,3
22,LA,Louisiana,2017,1078,28,930,49,148,7,191,25,410,63,271,46,132,23,86,7
23,ME,Maine,2017,225,19,212,38,13,2,34,18,59,37,64,42,44,24,28,6
24,MD,Maryland,2017,2015,40,1834,75,181,7,363,39,830,99,425,55,281,33,137,8
25,MA,Massachusetts,2017,3803,64,3583,126,220,7,528,48,1559,160,821,98,609,65,325,16
26,MI,Michigan,2017,1815,21,1679,41,136,3,315,19,685,54,429,37,288,22,123,4
27,MN,Minnesota,2017,1597,34,1510,65,87,4,238,28,614,81,375,53,278,39,115,7
28,MS,Mississippi,2017,363,15,328,28,35,3,55,11,132,36,102,27,61,16,18,2
29,MO,Missouri,2017,1325,26,1240,50,85,3,190,19,474,58,295,40,264,34,125,7
30,MT,Montana,2017,95,11,89,20,6,1,9,6,37,28,29,23,16,13,5,1
31,NE,Nebraska,2017,234,15,220,28,14,2,34,11,93,36,59,25,33,15,15,3
32,NV,Nevada,2017,765,30,735,59,30,2,68,15,297,68,232,58,139,35,37,4
33,NH,New Hampshire,2017,249,21,234,41,15,3,30,14,82,50,70,46,47,24,23,5
34,NJ,New Jersey,2017,2658,35,2464,67,194,5,429,31,1036,89,619,53,409,32,190,7
35,NM,New Mexico,2017,369,21,353,41,16,2,63,18,137,50,80,32,52,22,42,7
36,NY,New York,2017,17206,102,16044,197,1162,13,2232,73,7611,261,4127,168,2372,89,1065,19
37,NC,North Carolina,2017,1798,21,1705,41,93,2,220,13,679,50,434,33,323,23,161,5
38,ND,North Dakota,2017,83,13,82,25,1,0,8,6,34,30,27,30,11,13,4,2
39,OH,Ohio,2017,3348,34,3132,66,216,4,518,28,1408,92,768,56,473,31,215,6
40,OK,Oklahoma,2017,481,15,442,28,39,2,54,8,188,35,123,25,86,18,33,3
41,OR,Oregon,2017,1293,37,1201,69,92,5,143,23,535,92,327,60,207,40,99,8
42,PA,Pennsylvania,2017,3809,35,3474,65,335,6,653,33,1565,93,814,55,541,32,268,7
44,RI,Rhode Island,2017,540,59,506,115,34,7,94,53,212,145,117,95,92,65,33,10
45,SC,South Carolina,2017,590,14,548,27,42,2,67,8,238,37,144,23,105,16,43,3
46,SD,South Dakota,2017,76,11,73,20,3,1,5,4,32,27,25,25,10,10,4,2
47,TN,Tennessee,2017,1336,24,1263,46,73,3,169,16,501,55,318,38,280,31,82,4
48,TX,Texas,2017,6436,28,6071,54,365,3,797,16,2521,61,1589,41,1072,30,515,8
49,UT,Utah,2017,692,28,675,55,17,1,64,11,309,68,181,43,94,30,51,8
50,VT,Vermont,2017,84,16,77,29,7,3,12,12,28,38,18,26,15,18,11,5
51,VA,Virginia,2017,1744,24,1656,48,88,2,200,15,785,67,376,34,265,23,132,6
53,WA,Washington,2017,3451,56,3297,106,154,5,394,36,1328,120,857,88,648,68,278,13
54,WV,West Virginia,2017,228,15,208,27,20,3,27,10,99,47,56,25,37,16,13,2
55,WI,Wisconsin,2017,916,19,880,36,36,1,118,13,335,46,239,34,175,23,59,3
56,WY,Wyoming,2017,29,6,28,11,1,0,3,3,9,11,7,10,6,9,4,2
,US,United States,2018,132340,47.9,123534,91.6,8799,6.2,17492,33.3,52654,116.1,31199,75.1,21211,49.5,11325,12.1
1,AL,Alabama,2018,1194,29,1107,56,87,4,168,21,496,79,259,43,204,32,81,6
2,AK,Alaska,2018,148,25,140,44,8,3,16,13,60,51,33,34,24,27,18,10
4,AZ,Arizona,2018,2167,37,2062,71,105,4,275,24,854,89,495,58,351,41,219,11
5,AR,Arkansas,2018,616,25,578,47,38,3,86,18,249,65,171,46,80,21,35,4
6,CA,California,2018,15218,46,14507,89,711,4,1669,26,5651,94,3716,71,2702,52,1678,16
8,CO,Colorado,2018,1855,39,1757,75,98,4,253,29,750,86,434,57,305,42,127,9
9,CT,Connecticut,2018,1774,58,1617,109,157,10,297,51,737,166,368,87,258,50,136,12
10,DE,Delaware,2018,403,49,374,96,29,7,39,28,159,122,99,89,58,47,50,16
11,DC,"Washington, D.C.",2018,2296,386,2178,779,117,37,162,160,991,610,589,577,373,489,207,135
12,FL,Florida,2018,10224,57,9585,110,638,7,1045,35,3490,129,2492,98,2072,75,1239,18
13,GA,Georgia,2018,3279,38,3043,73,236,5,366,21,1162,82,801,58,717,51,276,10
15,HI,Hawaii,2018,303,25,287,48,16,3,44,22,108,52,77,42,45,26,32,7
16,ID,Idaho,2018,232,17,218,31,14,2,35,12,99,45,57,27,28,14,14,3
17,IL,Illinois,2018,6931,64,6406,122,523,10,980,48,2893,164,1612,98,1051,63,486,13
18,IN,Indiana,2018,1728,31,1578,58,150,5,269,24,678,78,375,46,283,33,140,7
19,IA,Iowa,2018,914,35,868,67,46,3,153,29,381,97,215,57,116,30,59,6
20,KS,Kansas,2018,593,25,556,47,37,3,85,17,253,66,124,35,87,25,53,6
21,KY,Kentucky,2018,883,24,840,46,43,2,101,14,342,60,222,40,159,27,71,5
22,LA,Louisiana,2018,1883,49,1555,83,328,16,327,43,701,108,461,79,255,44,149,12
23,ME,Maine,2018,320,28,306,54,14,2,51,27,92,58,81,54,54,29,45,9
24,MD,Maryland,2018,2803,55,2580,105,223,8,533,58,1149,137,588,76,375,44,195,11
25,MA,Massachusetts,2018,5124,87,4848,171,276,9,733,66,2131,219,1085,130,786,84,457,22
26,MI,Michigan,2018,2765,33,2541,62,223,5,491,30,1022,81,638,55,434,33,203,7
27,MN,Minnesota,2018,2034,44,1902,82,132,6,301,35,823,109,457,65,323,45,149,9
28,MS,Mississippi,2018,519,21,464,39,55,4,95,18,173,48,134,35,86,23,37,4
29,MO,Missouri,2018,1809,35,1719,69,90,3,252,26,683,84,408,56,322,41,165,9
30,MT,Montana,2018,128,14,118,27,10,2,17,11,47,36,35,28,21,17,10,3
31,NE,Nebraska,2018,345,22,325,42,20,3,57,18,141,54,74,31,52,23,24,4
32,NV,Nevada,2018,956,38,900,72,56,4,103,23,367,84,253,63,183,46,55,7
33,NH,New Hampshire,2018,402,34,384,67,18,3,63,30,149,91,92,61,61,31,43,10
34,NJ,New Jersey,2018,3803,50,3539,96,264,7,618,45,1514,130,859,74,538,42,309,12
35,NM,New Mexico,2018,514,30,487,57,27,3,83,24,214,78,107,43,55,23,61,10
36,NY,New York,2018,21417,127,19814,244,1602,18,2668,88,9405,322,5139,209,2951,111,1528,27
37,NC,North Carolina,2018,2515,29,2359,57,156,3,319,19,972,72,569,44,438,31,242,8
38,ND,North Dakota,2018,115,18,111,34,4,1,12,9,46,40,38,42,15,18,6,3
39,OH,Ohio,2018,4878,50,4559,96,319,6,715,39,2105,138,1116,81,667,44,333,9
40,OK,Oklahoma,2018,748,23,712,45,36,2,84,13,307,57,187,39,127,27,52,5
41,OR,Oregon,2018,1592,45,1467,85,125,7,224,36,622,107,398,73,238,46,134,11
42,PA,Pennsylvania,2018,4964,45,4473,84,491,9,900,46,1978,117,1064,72,689,40,397,10
44,RI,Rhode Island,2018,726,80,689,157,37,8,124,70,286,196,150,122,112,79,56,17
45,SC,South Carolina,2018,901,21,819,40,82,4,99,12,364,56,233,38,146,23,66,4
46,SD,South Dakota,2018,108,15,100,28,8,2,9,6,46,39,37,37,16,16,2,1
47,TN,Tennessee,2018,1809,32,1669,61,140,5,241,23,698,77,424,50,332,37,136,7
48,TX,Texas,2018,9442,41,8904,78,538,5,1223,25,3682,89,2281,59,1575,45,784,12
49,UT,Utah,2018,812,33,785,64,27,2,79,13,358,79,223,52,101,32,59,9
50,VT,Vermont,2018,124,23,116,44,8,3,26,26,38,51,26,38,14,17,22,10
51,VA,Virginia,2018,2401,34,2279,65,121,3,278,20,1068,91,518,47,374,33,181,8
53,WA,Washington,2018,4057,65,3846,124,211,7,481,43,1555,141,982,100,712,75,382,18
54,WV,West Virginia,2018,324,21,303,40,21,3,43,16,124,59,89,41,48,20,23,4
55,WI,Wisconsin,2018,1099,22,1035,43,64,3,174,19,393,54,275,40,183,24,81,5
56,WY,Wyoming,2018,47,10,41,17,6,3,7,8,15,19,15,21,3,5,7,4