Geography,2008,,,,,,,,,,2009,,,,,,,,,,2010,,,,,,,,,,2011,,,,,,,,,,2012,,,,,,,,,,2013,,,,,,,,,,2014,,,,,,,,,,2015,,,,,,,,,,2016,,,,,,,,,,2017,,,,,,,,,,2018,,,,,,,,,
,13-24,,25-34,,35-44,,45-54,,55+,,13-24,,25-34,,35-44,,45-54,,55+,,13-24,,25-34,,35-44,,45-54,,55+,,13-24,,25-34,,35-44,,45-54,,55+,,13-24,,25-34,,35-44,,45-54,,55+,,13-24,,25-34,,35-44,,45-54,,55+,,13-24,,25-34,,35-44,,45-54,,55+,,13-24,,25-34,,35-44,,45-54,,55+,,13-24,,25-34,,35-44,,45-54,,55+,,13-24,,25-34,,35-44,,45-54,,55+,,13-24,,25-34,,35-44,,45-54,,55+,
,Cases,Rate per 100000,Cases,Rate per 100000,Cases,Rate per 100000,Cases,Rate per 100000,Cases,Rate per 100000,Cases,Rate per 100000,Cases,Rate per 100000,Cases,Rate per 100000,Cases,Rate per 100000,Cases,Rate per 100000,Cases,Rate per 100000,Cases,Rate per 100000,Cases,Rate per 100000,Cases,Rate per 100000,Cases,Rate per 100000,Cases,Rate per 100000,Cases,Rate per 100000,Cases,Rate per 100000,Cases,Rate per 100000,Cases,Rate per 100000,Cases,Rate per 100000,Cases,Rate per 100000,Cases,Rate per 100000,Cases,Rate per 100000,Cases,Rate per 100000,Cases,Rate per 100000,Cases,Rate per 100000,Cases,Rate per 100000,Cases,Rate per 100000,Cases,Rate per 100000,Cases,Rate per 100000,Cases,Rate per 100000,Cases,Rate per 100000,Cases,Rate per 100000,Cases,Rate per 100000,Cases,Rate per 100000,Cases,Rate per 100000,Cases,Rate per 100000,Cases,Rate per 100000,Cases,Rate per 100000,Cases,Rate per 100000,Cases,Rate per 100000,Cases,Rate per 100000,Cases,Rate per 100000,Cases,Rate per 100000,Cases,Rate per 100000,Cases,Rate per 100000,Cases,Rate per 100000,Cases,Rate per 100000,Cases,Rate per 100000,Cases,Rate per 100000,Cases,Rate per 100000,Cases,Rate per 100000,Cases,Rate per 100000,Cases,Rate per 100000
Alabama,168,21.4,185,30.3,165,26.5,143,21.3,48,4.1,195,24.9,189,30.5,136,22.1,117,17.3,58,4.8,188,23.3,178,29.2,147,23.8,103,14.9,65,5.2,198,24.6,203,33,123,20.1,110,16,49,3.8,199,24.7,189,30.7,124,20.4,100,14.8,54,4.1,182,22.5,183,29.5,112,18.4,101,15.2,57,4.2,205,25.5,219,35.1,116,19.2,76,11.6,53,3.9,198,25,200,31.8,113,18.8,86,13.3,66,4.7,179,22.9,215,33.8,110,18.5,97,15.1,62,4.3,190,24.7,214,33.4,109,18.4,86,13.5,52,3.6,182,23.8,192,29.8,87,14.7,70,11.2,41,2.8
Alaska,5,3.7,11,10.7,10,10.8,11,10.4,2,1.6,3,2.3,7,6.6,6,6.6,3,2.8,2,1.5,5,3.9,9,8.6,10,10.8,10,9,1,0.7,8,6.3,6,5.6,5,5.4,3,2.8,2,1.3,5,3.9,5,4.5,7,7.6,9,8.5,2,1.3,4,3.1,10,8.7,2,2.2,2,2,5,3.1,7,5.4,17,14.6,5,5.5,6,6.1,3,1.8,5,4,6,5.1,4,4.4,5,5.2,5,3,4,3.2,17,14.1,8,8.7,2,2.1,6,3.5,8,6.6,16,13.3,4,4.3,3,3.3,3,1.7,5,4.2,6,5,3,3.2,4,4.5,2,1.1
Arizona,110,10.4,213,22.5,203,23.3,117,13.8,36,2.4,97,9.1,188,19.6,193,22.2,120,14,44,2.8,98,9,190,22.1,159,19.3,117,13.9,55,3.4,92,8.4,186,21.4,144,17.5,94,11.2,47,2.8,121,10.9,190,21.7,143,17.3,114,13.6,52,3,145,12.9,223,25.1,161,19.4,105,12.5,55,3.1,170,15,242,26.7,165,19.7,107,12.8,57,3.1,145,12.8,233,25.2,142,16.8,111,13.2,59,3.1,154,13.5,232,24.5,154,18.1,108,12.7,66,3.3,136,11.9,248,25.7,151,17.5,117,13.8,73,3.6,153,13.3,298,30.2,167,19,102,12,86,4
Arkansas,47,10,69,18,57,15.3,44,11.1,21,2.9,66,14.1,80,20.6,83,22.6,34,8.5,17,2.3,50,10.3,71,18.8,53,14.5,40,9.8,20,2.6,70,14.4,70,18.4,48,13.2,31,7.7,22,2.8,72,14.7,76,19.8,41,11.3,43,10.8,15,1.9,85,17.3,73,19,58,15.9,29,7.4,17,2.1,104,21.2,82,21.2,53,14.5,54,14,19,2.3,71,14.6,85,21.9,43,11.8,49,12.8,25,2.9,90,18.7,110,28,57,15.6,37,9.8,18,2.1,85,17.7,110,27.8,43,11.7,32,8.5,17,1.9,77,16.1,103,26,48,13,34,9.2,19,2.1
California,908,14.3,"1,696",31.9,"1,659",31.4,"1,062",20.7,394,5.1,817,12.8,"1,654",30.7,"1,497",28.7,"1,018",19.6,431,5.4,928,14,"1,582",29.7,"1,332",25.7,992,18.9,438,5.2,883,13.3,"1,554",28.7,"1,259",24.4,946,18,402,4.7,942,14.2,"1,630",29.7,"1,134",22,965,18.5,379,4.3,859,13,"1,562",27.9,"1,052",20.4,821,15.8,417,4.5,992,15.1,"1,767",30.9,"1,126",21.9,845,16.2,439,4.6,"1,038",16,"1,749",30,"1,053",20.4,841,16.2,427,4.4,"1,012",15.8,"1,802",30.3,"1,080",20.9,840,16.2,438,4.4,954,15.1,"1,698",28.3,989,19,721,14,404,3.9,856,13.7,"1,633",27,864,16.4,623,12.3,422,4
Colorado,59,7.2,137,19.1,124,17.4,90,12.2,41,3.9,59,7.2,128,17.4,85,12,66,8.9,32,2.9,70,8.5,134,18.4,93,13.3,83,11.2,39,3.4,61,7.3,117,15.6,88,12.5,68,9.3,29,2.4,73,8.7,129,16.9,94,13.2,63,8.7,12,1,53,6.2,115,14.7,72,10,50,7,22,1.7,63,7.3,133,16.6,95,13.1,66,9.2,21,1.6,84,9.6,125,15.1,86,11.7,61,8.5,21,1.5,84,9.6,162,19,75,10,69,9.6,33,2.3,85,9.6,163,18.7,86,11.3,80,11.2,28,1.9,81,9.1,168,18.8,90,11.5,36,5.1,34,2.2
Connecticut,52,9,93,23,76,15,83,14.9,43,4.8,55,9.4,63,15.3,111,22.7,81,14.4,31,3.4,52,9,92,21.8,106,22.1,88,15.3,50,5.2,68,11.7,94,22,77,16.5,74,12.9,37,3.8,49,8.4,76,17.6,71,15.6,63,11.1,32,3.2,64,10.9,82,18.8,65,14.5,71,12.8,45,4.4,53,9,78,17.8,52,11.9,70,12.8,40,3.8,56,9.5,80,18.3,51,11.9,52,9.7,40,3.7,47,8,80,18.3,41,9.7,49,9.4,41,3.8,52,9,79,17.9,48,11.4,57,11.2,39,3.5,47,8.2,73,16.4,45,10.6,49,9.9,36,3.2
Delaware,25,17.7,39,34.3,50,41.6,27,21.1,12,5.3,37,26.2,30,26,33,28.1,38,29.3,12,5.2,25,16.7,29,25.9,28,24.3,30,22.4,11,4.5,23,15.3,32,28,23,20.3,18,13.5,18,7.2,34,22.7,38,32.7,28,25.2,22,16.6,15,5.8,22,14.8,30,25.1,13,11.8,28,21.4,16,6,20,13.6,32,26.1,29,26.3,21,16.2,13,4.7,18,12.4,35,28,20,18.2,17,13.2,13,4.5,19,13.3,43,33.8,19,17.4,18,14.1,13,4.4,27,19,31,24.2,33,30.1,21,16.8,14,4.6,14,9.9,28,21.7,15,13.5,16,13.1,18,5.7
District of Columbia,147,145,244,227.2,274,318.5,255,327.4,109,80.6,109,106.1,198,175.7,227,266.2,197,251,102,74.6,151,133.4,206,162.4,181,222.7,173,228,88,65.8,124,113.2,161,118.6,144,172.9,130,170.4,79,57.7,124,116.3,164,114.1,114,132.8,98,128.6,70,49.9,92,88,165,109.7,92,103.3,89,116.2,49,34.1,84,81.1,127,82.6,90,97.5,63,82.2,54,36.8,67,65.3,141,89.6,75,78.2,49,63.9,37,24.7,59,58.2,109,67.8,73,73.6,56,72.6,51,33.5,62,61.4,116,71.1,66,64.5,28,36.6,33,21.5,41,40.8,82,50,34,32.2,27,35.8,24,15.4
Florida,827,29.4,"1,310",56.3,"1,625",65.3,"1,330",50.9,683,13,869,31,"1,151",48.8,"1,317",54.2,"1,118",42.3,579,10.8,902,30.9,"1,080",46.9,"1,103",45.5,"1,014",36.9,533,9.5,843,28.7,"1,146",48.6,"1,020",42.3,994,36,567,9.8,812,27.6,"1,093",45.3,973,40.4,962,35,535,9,805,27.2,"1,177",47.8,888,36.8,862,31.5,564,9.2,845,28.6,"1,344",53.1,859,35.4,898,32.8,530,8.4,913,31,"1,369",52.5,920,37.6,826,30.1,543,8.3,843,28.7,"1,498",55.6,987,39.8,774,28,560,8.3,817,27.8,"1,481",53.9,930,36.9,736,26.6,599,8.6,797,27,"1,603",57.5,911,35.5,768,28,604,8.4
Georgia,646,39.1,790,57.3,834,57.4,640,47,248,12.5,635,38,790,56.7,737,51.3,534,38.5,214,10.4,630,37.8,729,54.5,593,42.5,472,33.8,229,10.8,691,41.2,725,53.8,553,40,461,32.9,232,10.6,662,39,707,52.1,540,39.2,483,34.5,226,9.9,584,34.2,709,52,429,31.3,429,30.7,187,8,577,33.6,756,54.9,446,32.6,371,26.5,230,9.5,664,38.6,887,63.5,460,33.7,395,28.1,218,8.7,633,36.7,892,62.6,398,29.2,342,24.2,230,8.9,597,34.6,927,63.9,442,32.4,367,25.9,231,8.7,613,35.3,957,65,442,32.2,299,21.2,241,8.8
Hawaii,12,5.9,25,13.4,18,10.5,20,11.2,8,2.4,14,6.9,24,12.5,19,11.3,20,11.3,10,2.9,15,7,26,13.9,21,11.9,30,15.5,10,2.7,5,2.3,21,11,22,12.6,22,11.5,11,2.9,7,3.3,26,13.2,17,9.7,23,12.3,9,2.3,12,5.6,29,14.4,21,11.9,22,11.9,11,2.7,13,6.1,35,17.2,27,15.3,12,6.6,12,2.9,13,6.2,46,22.4,23,13,26,14.5,11,2.6,14,6.7,35,16.8,12,6.8,6,3.4,11,2.6,12,5.9,31,15.1,11,6.2,13,7.5,11,2.5,9,4.5,25,12.3,20,11.1,5,2.9,7,1.6
Idaho,13,4.8,15,7.3,10,5.2,7,3.4,4,1.2,7,2.6,15,7.1,14,7.4,9,4.4,3,0.8,6,2.2,10,4.8,15,7.8,12,5.8,1,0.3,6,2.2,12,5.7,12,6.2,3,1.5,2,0.5,7,2.6,9,4.3,7,3.6,7,3.5,7,1.7,3,1.1,10,4.7,6,3,7,3.5,1,0.2,2,0.7,7,3.3,8,4,3,1.5,2,0.5,9,3.2,15,6.9,3,1.5,8,4,5,1.1,9,3.2,15,6.8,9,4.3,5,2.5,7,1.5,8,2.8,18,7.9,8,3.8,7,3.5,5,1,6,2.1,10,4.3,7,3.2,7,3.5,7,1.4
Illinois,401,18.3,508,28.7,430,24,327,17.5,140,4.8,416,19,462,25.9,427,24.2,305,16.2,118,3.9,395,18.3,498,28,381,22.1,256,13.7,127,4.1,396,18.5,452,25.3,344,20.2,295,15.9,130,4.1,407,19.1,521,29.1,332,19.6,232,12.7,155,4.8,448,21,484,27,279,16.6,224,12.5,147,4.4,426,20.2,504,28.1,278,16.6,207,11.7,118,3.5,435,20.8,528,29.6,271,16.3,193,11.1,123,3.5,385,18.7,517,29,267,16.2,181,10.6,133,3.7,348,17.1,450,25.3,254,15.5,189,11.3,111,3.1,333,16.6,472,26.7,245,14.9,192,11.7,110,3
Indiana,88,8.1,125,15,133,15.3,79,8.4,38,2.5,111,10.2,130,15.5,114,13.4,70,7.5,38,2.4,121,10.9,136,16.4,122,14.5,77,8.1,30,1.9,122,11,143,17.2,106,12.8,62,6.6,32,1.9,152,13.6,141,16.9,94,11.4,69,7.5,35,2.1,153,13.6,141,16.8,75,9.1,68,7.5,35,2,129,11.4,153,18.1,82,10,65,7.3,37,2.1,119,10.6,241,28.4,136,16.6,99,11.3,37,2,119,10.7,169,19.7,81,9.9,69,8,46,2.5,123,11.1,177,20.4,94,11.5,74,8.7,48,2.5,124,11.2,191,21.8,98,11.9,52,6.2,45,2.3
Iowa,13,2.5,28,7.8,22,5.8,22,5,10,1.3,22,4.2,38,10.4,35,9.5,15,3.4,13,1.6,21,4.1,30,7.8,28,7.7,28,6.4,7,0.8,26,5,33,8.5,24,6.7,21,4.9,8,0.9,21,4,32,8.2,27,7.5,24,5.7,12,1.4,17,3.2,29,7.4,26,7.2,27,6.5,21,2.4,17,3.2,27,6.9,17,4.7,17,4.2,16,1.8,32,6,28,7.1,26,7.1,23,5.8,15,1.6,28,5.3,42,10.7,28,7.6,21,5.4,14,1.5,34,6.5,38,9.6,14,3.8,22,5.8,16,1.7,20,3.8,45,11.3,25,6.6,15,4,11,1.1
Kansas,25,5,39,10.9,36,10.1,31,7.7,8,1.2,29,5.8,47,12.7,36,10.3,26,6.4,14,2,26,5.3,48,12.7,33,9.5,25,6.2,4,0.6,32,6.5,35,9.2,33,9.6,26,6.5,9,1.2,33,6.7,47,12.2,29,8.4,26,6.7,16,2.1,33,6.6,35,9.1,41,11.9,22,5.8,16,2.1,31,6.2,41,10.6,23,6.7,24,6.5,12,1.5,39,7.8,47,12.2,34,9.8,20,5.5,14,1.8,27,5.4,53,13.7,31,8.9,22,6.2,14,1.7,44,8.9,39,10.2,15,4.3,14,4.1,7,0.9,41,8.3,54,14.1,32,9,18,5.4,9,1.1
Kentucky,75,10.7,97,16.9,88,14.8,68,10.7,27,2.5,65,9.3,100,17.3,87,14.9,70,11,22,2,82,11.7,90,15.9,73,12.7,57,8.9,29,2.6,74,10.5,80,14.1,61,10.7,70,11,25,2.2,94,13.2,119,21,70,12.3,51,8.1,26,2.2,68,9.5,113,19.9,81,14.3,55,8.9,37,3.1,69,9.6,105,18.5,84,15,62,10.2,24,1.9,82,11.5,117,20.6,65,11.6,54,9,23,1.8,61,8.6,128,22.2,77,13.9,53,8.9,18,1.4,70,9.9,133,22.9,67,12.2,64,10.9,31,2.4,77,11,135,23.1,76,13.8,44,7.6,28,2.1
Louisiana,238,30.1,309,51.1,232,40.5,196,30.5,96,9.3,277,35.1,357,57.2,236,42,219,34.1,83,7.8,294,37.4,318,50.3,220,39,201,30.8,79,7.2,312,39.9,357,55.3,230,41,209,32.4,84,7.4,272,34.8,274,41.9,198,35.3,191,30.1,85,7.3,308,39.4,322,48.6,234,41.7,164,26.3,101,8.5,331,42.8,381,56.9,235,41.7,155,25.4,96,7.9,284,37.2,363,53.7,205,36.1,148,24.6,98,7.8,281,37.5,381,56,217,37.9,145,24.6,86,6.7,247,33.6,371,54.9,170,29.5,126,21.8,97,7.4,229,31.6,355,53.2,193,33.1,135,24,74,5.6
Maine,6,2.9,8,5.4,13,7.2,7,3.2,11,2.9,10,5,12,8,15,8.7,8,3.7,9,2.3,5,2.5,12,8.3,22,12.9,10,4.6,7,1.7,5,2.5,13,8.9,11,6.7,20,9.3,3,0.7,2,1,8,5.4,17,10.5,11,5.2,10,2.3,3,1.5,6,4,13,8.2,9,4.4,4,0.9,9,4.7,9,5.9,10,6.4,19,9.5,10,2.2,10,5.3,10,6.5,9,5.9,10,5.1,7,1.5,5,2.7,16,10.3,19,12.6,6,3.1,7,1.5,4,2.2,11,7,5,3.3,6,3.2,4,0.8,3,1.6,11,6.9,7,4.6,2,1.1,5,1
Maryland,328,35.1,457,61.6,512,62,464,53,273,20.7,311,33.3,382,50.5,422,52.7,398,44.9,165,12.2,325,34.1,419,54.6,405,51.1,410,45.4,181,12.8,299,31.4,364,46.4,268,34.3,335,37.1,154,10.6,284,29.9,350,43.7,278,35.9,253,28.2,161,10.7,257,27.2,381,46.8,265,34.5,228,25.7,169,10.9,246,26.1,370,45,281,36.7,207,23.6,131,8.2,248,26.6,380,45.9,228,29.9,207,23.9,113,6.9,228,24.7,355,42.8,201,26.4,183,21.4,133,8,218,23.8,358,43,183,23.9,149,17.7,113,6.6,190,20.9,346,41.5,184,23.8,149,18.2,110,6.3
Massachusetts,82,7.6,196,23.3,199,20.8,187,18.4,77,4.7,83,7.6,167,19.5,190,20.4,178,17.3,73,4.4,79,7.1,162,19,207,23.5,179,17.7,81,4.7,93,8.4,157,18,200,23.1,157,15.5,71,4,95,8.6,194,21.6,157,18.4,170,16.9,88,4.9,95,8.5,177,19.3,130,15.4,183,18.4,84,4.5,98,8.8,189,20.2,130,15.5,149,15.1,77,4,88,7.9,171,18,135,16.2,130,13.3,74,3.8,94,8.5,204,21.2,140,17,119,12.4,81,4.1,95,8.6,209,21.4,133,16,94,10,65,3.2,76,6.9,207,20.8,174,20.7,109,11.8,88,4.2
Michigan,211,12.3,195,16.1,187,13.5,121,7.9,60,2.4,222,13.1,209,17.4,178,13.3,135,8.8,59,2.3,197,11.7,217,18.6,153,12.1,140,9.3,55,2.1,241,14.3,201,17.2,142,11.5,131,8.8,56,2.1,254,15,217,18.5,146,12,118,8.1,54,2,216,12.8,216,18.2,123,10.2,126,8.9,67,2.4,237,14,246,20.5,122,10.2,111,8,65,2.2,219,13.2,219,18,118,10,117,8.5,52,1.8,223,13.6,221,17.7,128,11,109,8.1,64,2.1,193,11.9,276,21.7,135,11.7,100,7.6,74,2.4,172,10.8,276,21.3,108,9.3,94,7.3,68,2.2
Minnesota,57,6.4,105,15.3,86,12,60,7.4,22,1.8,94,10.7,116,16.6,84,12.1,64,7.9,22,1.7,80,9.3,93,13,74,10.9,73,9.1,15,1.1,55,6.4,90,12.3,79,11.8,53,6.6,18,1.3,57,6.6,111,15.1,68,10.2,57,7.3,21,1.5,52,6,97,13.1,50,7.5,70,9.1,37,2.6,57,6.6,102,13.7,79,11.8,46,6.1,27,1.8,64,7.4,88,11.8,66,9.8,47,6.3,31,2,66,7.6,99,13.2,65,9.6,40,5.5,26,1.7,54,6.2,83,11,50,7.2,55,7.7,31,1.9,39,4.5,112,14.7,74,10.4,43,6.2,15,0.9
Mississippi,150,28.4,134,34.5,97,25.8,101,24.8,35,5.1,144,27.3,127,32.3,102,27.7,86,21.2,38,5.4,124,23.9,121,31.2,99,26.4,75,18,33,4.5,155,29.9,142,36.4,94,25.3,83,20.2,51,6.8,145,27.9,121,31.1,70,18.9,60,14.9,47,6.1,153,29.3,125,32.1,88,23.8,56,14.1,48,6.1,151,29.1,158,40.4,67,18.2,55,14.1,43,5.4,181,35.4,141,36.1,76,20.7,56,14.6,52,6.4,133,26.4,139,35.4,74,20.2,43,11.3,36,4.3,115,23.1,145,36.7,73,20,57,15.2,37,4.4,127,25.7,149,37.8,95,26,63,17.1,45,5.2
Missouri,135,13.5,156,20.2,137,17.4,89,10.1,27,1.8,143,14.3,149,19,121,15.7,80,9,27,1.8,165,16.6,167,21.4,113,15.1,94,10.6,30,1.9,147,14.8,152,19.3,98,13.3,89,10.2,38,2.4,153,15.4,160,20.2,94,12.8,85,9.9,37,2.2,136,13.7,131,16.4,89,12.2,72,8.6,37,2.2,137,13.9,150,18.7,86,11.8,60,7.3,33,1.9,134,13.7,146,18.1,82,11.2,61,7.6,40,2.3,148,15.2,154,19,82,11.2,93,11.8,33,1.8,126,13.1,193,23.5,80,10.9,56,7.3,49,2.7,116,12.1,145,17.6,90,12.1,56,7.4,39,2.1
Montana,0,0,8,6.9,6,5.2,7,4.7,1,0.4,6,3.6,14,11.7,3,2.7,5,3.4,3,1.1,5,3.1,5,4.1,9,8,1,0.7,0,0,2,1.3,3,2.4,8,7.1,5,3.5,4,1.4,3,1.9,6,4.8,4,3.5,7,5,0,0,3,1.8,7,5.5,5,4.4,4,3,3,1,2,1.2,6,4.6,4,3.5,2,1.5,0,0,7,4.3,5,3.8,4,3.4,0,0,2,0.6,1,0.6,10,7.5,2,1.7,6,4.8,1,0.3,4,2.5,13,9.6,9,7.3,1,0.8,4,1.2,3,1.9,10,7.3,7,5.5,0,0,3,0.9
Nebraska,12,3.7,28,12.4,33,14.8,18,7.1,6,1.4,24,7.5,32,13.8,30,13.7,19,7.5,3,0.7,29,9.5,34,13.8,28,12.7,19,7.4,5,1.1,12,3.9,32,12.8,15,6.8,19,7.5,1,0.2,15,4.9,24,9.5,23,10.4,14,5.6,6,1.2,18,5.8,20,7.9,22,9.9,16,6.6,3,0.6,15,4.8,30,11.8,25,11.1,16,6.7,2,0.4,24,7.6,20,7.9,17,7.5,16,6.8,2,0.4,12,3.7,25,9.8,15,6.5,15,6.5,9,1.7,20,6.2,34,13.3,20,8.5,8,3.6,6,1.1,17,5.3,29,11.3,14,5.9,13,5.9,6,1.1
Nevada,57,14,104,26.6,112,29.6,72,20.1,42,7.2,63,15.4,127,32.2,81,21.6,68,18.8,23,3.8,80,18.5,110,28.4,96,25.1,52,13.8,35,5.4,92,21.4,135,34.8,63,16.7,61,16.2,31,4.7,80,18.5,109,27.8,90,23.8,59,15.7,24,3.5,99,22.8,154,38.8,78,20.6,69,18.3,32,4.5,98,22.5,145,35.8,80,21.1,77,20.2,28,3.8,80,18.5,167,40.3,109,28.5,88,22.8,32,4.2,95,21.9,212,49.9,101,26.2,77,19.8,27,3.4,80,18.4,199,45.8,93,23.7,75,19.1,44,5.3,97,22,194,43.6,105,26,71,18,41,4.8
New Hampshire,6,2.7,9,6,10,5.2,13,5.9,5,1.5,3,1.4,13,8.7,11,6,6,2.7,6,1.7,7,3.3,11,7.6,11,6.2,16,7.1,5,1.4,4,1.9,8,5.4,5,2.9,15,6.7,7,1.9,8,3.7,11,7.4,13,7.8,10,4.5,5,1.3,5,2.3,11,7.3,4,2.5,11,5.1,4,1,9,4.2,12,7.7,6,3.8,9,4.3,4,1,7,3.3,6,3.8,4,2.6,4,1.9,4,0.9,5,2.4,11,6.8,9,5.9,12,5.9,3,0.7,7,3.4,7,4.2,8,5.2,7,3.6,5,1.1,3,1.5,13,7.7,8,5.2,10,5.3,2,0.4
New Jersey,219,16.3,364,33,390,30.3,318,23.6,140,6.6,216,16.1,340,30.6,362,28.9,319,23.3,161,7.4,234,17,342,30.8,335,27.2,271,19.6,166,7.4,203,14.7,328,29.3,261,21.6,253,18.4,130,5.7,238,17.3,362,32.3,279,23.4,265,19.4,130,5.5,203,14.7,326,29,260,22.1,243,18,176,7.3,225,16.4,364,32.4,270,23.2,221,16.6,162,6.6,216,15.8,376,33.4,245,21.3,201,15.3,162,6.4,205,15.2,384,33.9,232,20.4,225,17.4,150,5.8,202,15,356,31.2,218,19.2,196,15.5,153,5.9,184,13.8,327,28.3,207,18.2,185,15,141,5.3
New Mexico,25,7.3,40,14.8,46,18.5,30,10.7,11,2.3,22,6.5,45,16.2,46,18.8,30,10.8,17,3.4,27,7.7,55,20.5,28,11.3,23,7.9,14,2.6,24,6.8,45,16.4,38,15.4,19,6.7,12,2.2,20,5.7,39,14.1,30,12.2,23,8.3,5,0.9,33,9.4,44,15.8,32,13,20,7.4,12,2.1,25,7.1,50,17.9,26,10.6,21,7.9,11,1.9,30,8.7,49,17.5,29,11.9,18,7,9,1.5,29,8.5,56,19.8,32,13.1,18,7.1,9,1.5,36,10.6,38,13.4,31,12.6,17,6.9,14,2.2,20,6,44,15.5,23,9.2,21,8.7,13,2
New York,825,25.6,"1,182",45.2,"1,245",44.8,887,30.4,451,9.4,741,23,"1,106",41.8,"1,108",41,806,27.4,414,8.5,752,23,"1,050",39.3,906,34.9,780,27.1,427,8.6,771,23.7,"1,099",40.4,796,31.1,714,24.9,392,7.7,715,22.2,"1,072",38.8,737,29.1,633,22.3,363,7,683,21.4,"1,028",36.7,649,25.9,544,19.4,348,6.6,658,20.9,"1,051",37.1,695,28,551,19.9,369,6.8,573,18.6,"1,024",35.9,580,23.6,514,18.8,360,6.5,505,16.6,993,34.6,545,22.4,447,16.6,330,5.9,515,17.2,960,33.4,532,21.9,420,16,303,5.3,436,14.8,876,30.4,468,19.2,372,14.6,318,5.5
North Carolina,299,19.5,422,34.5,463,34.8,380,28.9,137,6.2,320,20.6,351,28.4,389,29.5,375,28.1,142,6.2,332,21,356,28.4,301,22.7,291,21.2,156,6.5,346,21.8,337,26.7,294,22.3,304,22.1,152,6.2,298,18.6,330,26.1,227,17.3,242,17.6,133,5.2,318,19.6,332,26,266,20.3,229,16.7,131,5,376,23.1,391,30.2,229,17.6,196,14.3,119,4.4,348,21.3,413,31.4,224,17.3,200,14.5,142,5.1,387,23.6,468,34.9,221,17.2,171,12.4,139,4.8,325,19.8,447,32.6,209,16.2,170,12.3,146,5,309,18.8,388,27.9,201,15.5,173,12.6,129,4.3
North Dakota,0,0,2,2.6,8,10.9,1,1.1,2,1.2,1,0.8,2,2.4,7,9.7,4,4.4,0,0,4,3.3,2,2.2,4,5.3,1,1,2,1.1,4,3.2,5,5.3,1,1.3,1,1.1,1,0.5,3,2.3,3,3,3,3.9,1,1.1,1,0.5,3,2.3,9,8.6,4,5,0,0,3,1.6,6,4.5,3,2.8,5,6.1,5,5.6,1,0.5,5,3.7,7,6.1,6,7,1,1.1,1,0.5,6,4.6,16,14,10,11.6,7,8.2,7,3.4,7,5.4,16,14,4,4.5,6,7.3,4,1.9,4,3.1,16,13.9,10,11.1,4,5,2,0.9
Ohio,230,12.2,275,18.7,293,18.8,196,11.2,62,2.1,267,14.3,277,18.7,250,16.4,169,9.6,82,2.7,266,14,269,19,222,15.1,168,9.7,57,1.8,281,14.8,288,20.2,231,16,176,10.3,66,2.1,278,14.7,306,21.4,183,12.8,176,10.5,74,2.3,299,15.8,288,19.9,191,13.5,164,10,95,2.9,268,14.2,298,20.3,182,12.9,125,7.8,73,2.2,262,14.1,292,19.6,158,11.3,139,8.8,74,2.2,255,13.8,332,22,168,12.2,125,8.1,81,2.3,242,13.2,362,23.7,162,11.7,136,9,84,2.4,227,12.5,355,23,190,13.7,137,9.2,75,2.1
Oklahoma,63,9.9,82,16.7,80,17.5,41,8,21,2.3,70,11.1,85,16.8,82,18.1,42,8.2,16,1.8,66,10.4,90,17.7,63,13.7,47,9,20,2.1,81,12.7,81,15.7,75,16.3,49,9.5,25,2.6,70,10.9,97,18.6,47,10.1,47,9.3,23,2.3,78,12,99,18.7,67,14.3,62,12.5,26,2.6,66,10.1,104,19.4,60,12.7,51,10.4,23,2.2,67,10.3,120,22.1,62,13,44,9.1,21,2,59,9.1,107,19.6,68,14.2,39,8.2,20,1.9,55,8.5,107,19.6,58,12,49,10.4,30,2.7,48,7.4,87,16,58,11.8,26,5.6,15,1.3
Oregon,35,5.8,98,19.1,75,14.8,49,8.8,29,3,29,4.8,83,15.8,67,13.3,49,8.9,21,2.1,49,8.1,62,11.8,54,10.8,43,8,29,2.8,39,6.4,62,11.7,63,12.5,47,8.9,28,2.6,34,5.6,81,15.2,75,14.8,51,9.8,29,2.6,32,5.3,60,11.2,60,11.7,59,11.5,17,1.5,28,4.6,81,14.9,58,11.2,48,9.4,24,2.1,27,4.5,72,12.9,49,9.3,51,10,23,1.9,34,5.6,74,12.8,58,10.8,38,7.4,22,1.8,33,5.4,76,12.9,46,8.4,30,5.8,18,1.4,34,5.6,86,14.4,53,9.5,34,6.6,23,1.8
Pennsylvania,311,15.1,392,25.9,469,27.7,416,21.6,185,5.4,342,16.7,388,25.2,428,26,348,18,152,4.4,314,15,372,24.5,349,21.7,314,16.2,131,3.6,303,14.5,318,20.5,337,21.4,275,14.4,147,4,315,15.2,359,22.7,292,18.9,302,16.1,147,3.9,279,13.6,352,21.9,237,15.5,270,14.7,154,4,260,12.8,335,20.5,236,15.6,229,12.7,137,3.5,264,13.2,350,21.2,215,14.4,216,12.2,128,3.2,258,13.1,375,22.4,202,13.6,185,10.7,111,2.8,249,12.8,352,20.9,213,14.4,161,9.5,113,2.8,226,11.7,349,20.5,169,11.3,141,8.5,117,2.8
Rhode Island,15,8.3,29,22.1,40,27.1,27,16.6,12,4.4,23,12.8,24,18.2,34,23.8,27,16.5,11,4,16,8.5,20,15.7,38,27.9,26,16,15,5.3,11,5.9,29,22.3,23,17.4,26,16.2,11,3.8,5,2.7,25,18.9,24,18.6,17,10.8,7,2.4,15,8.2,25,18.4,12,9.4,13,8.4,13,4.3,14,7.7,24,17.3,22,17.6,16,10.5,13,4.2,7,3.9,17,12,14,11.3,18,12,8,2.5,11,6.2,27,18.8,11,8.9,15,10.2,7,2.2,12,6.9,23,15.9,18,14.6,18,12.6,12,3.7,15,8.7,20,13.7,13,10.5,21,15.1,7,2.1
South Carolina,163,21.7,184,31.1,167,27.4,123,19.2,72,6.3,180,23.9,188,31.4,172,28.6,147,22.7,72,6.1,226,29,176,29.6,163,27.2,135,20.5,67,5.5,216,27.7,191,31.9,144,24.3,113,17.2,77,6.1,207,26.4,187,31,125,21.1,110,16.8,71,5.4,190,24.1,186,30.4,137,23.1,120,18.5,74,5.5,239,30.3,216,34.6,111,18.7,127,19.6,70,5,181,23.1,210,32.8,108,18.1,99,15.2,69,4.8,190,24.3,254,38.8,108,18,105,16.1,89,6,169,21.6,230,34.6,130,21.5,101,15.5,81,5.3,160,20.5,250,37.1,131,21.4,105,16.2,73,4.6
South Dakota,1,0.7,11,11.1,8,8.4,6,5.2,2,1,0,0,4,3.9,7,7.5,8,6.9,3,1.4,4,2.9,11,10.4,11,11.8,5,4.3,1,0.5,1,0.7,5,4.6,4,4.3,6,5.3,4,1.8,1,0.7,3,2.7,7,7.4,13,11.6,1,0.4,2,1.4,9,8.1,9,9.5,9,8.2,3,1.3,3,2.2,7,6.2,10,10.5,7,6.5,2,0.8,5,3.6,6,5.3,5,5.2,4,3.8,3,1.2,5,3.6,12,10.6,12,12.2,11,10.8,3,1.2,6,4.3,14,12.2,9,8.9,11,11.1,0,0,3,2.1,7,6,6,5.8,5,5.2,7,2.7
Tennessee,220,22.1,288,34.3,249,28.5,176,19.4,65,4.2,200,20,242,28.5,231,26.8,164,17.9,94,5.9,204,19.8,222,26.9,202,23.7,153,16.5,75,4.5,221,21.3,210,25.2,201,23.8,157,17,55,3.2,235,22.5,235,28,158,18.7,140,15.4,85,4.9,203,19.3,237,27.9,132,15.7,128,14.2,70,3.9,217,20.6,222,25.8,151,18,103,11.5,61,3.3,196,18.7,253,28.9,127,15.2,112,12.5,51,2.7,188,18,241,26.9,129,15.5,104,11.6,51,2.7,192,18.5,247,27,123,14.8,94,10.6,75,3.8,171,16.4,299,32.1,126,15,91,10.3,72,3.6
Texas,861,20.2,"1,260",35.3,"1,111",32.7,669,20.5,270,5.6,985,22.9,"1,320",36.2,"1,068",31.3,675,20.3,308,6.2,"1,053",23.6,"1,319",36.3,"1,042",30.1,739,21.5,302,5.8,"1,030",22.8,"1,259",34,952,27.2,703,20.4,336,6.2,"1,052",23,"1,376",36.4,907,25.6,665,19.3,324,5.7,"1,039",22.3,"1,454",37.8,864,24.1,651,18.9,332,5.7,"1,133",24,"1,462",37.1,889,24.4,626,18.1,307,5.1,"1,122",23.5,"1,570",38.9,874,23.6,635,18.2,331,5.3,"1,051",21.9,"1,707",41.4,809,21.6,619,17.6,337,5.2,993,20.6,"1,635",39.1,835,21.9,567,16,328,4.9,999,20.5,"1,657",39.1,864,22.3,603,17,360,5.3
Utah,17,3.1,45,10.4,36,11,24,7.7,9,1.9,16,2.9,43,9.7,35,10.5,19,6.1,9,1.9,17,3.2,20,4.5,32,9.5,12,3.9,4,0.8,23,4.2,31,7,26,7.5,21,6.9,6,1.2,16,2.9,44,10,24,6.7,25,8.2,13,2.4,18,3.2,46,10.4,24,6.4,14,4.6,7,1.3,20,3.5,46,10.4,28,7.3,11,3.6,9,1.6,15,2.6,48,10.9,34,8.6,19,6.2,6,1,32,5.4,50,11.1,33,8.1,16,5.1,8,1.3,26,4.3,42,9.2,20,4.7,12,3.8,17,2.7,28,4.5,48,10.3,20,4.6,16,5,9,1.4
Vermont,0,0,9,13.2,5,6,2,2,2,1.2,6,5.5,1,1.4,6,7.5,2,2,3,1.7,5,4.8,3,4.3,3,3.9,7,6.9,2,1.1,2,1.9,3,4.2,5,6.6,2,2,1,0.5,3,2.9,2,2.8,3,4.1,3,3.1,3,1.6,1,1,6,8.4,3,4.1,3,3.2,0,0,7,6.7,1,1.4,3,4.2,4,4.4,2,1,0,0,5,7,5,7.1,4,4.5,0,0,0,0,3,4.2,0,0,1,1.2,1,0.5,3,2.9,8,11,4,5.7,1,1.2,4,1.9,3,2.9,4,5.4,5,7.1,3,3.7,3,1.4
Virginia,233,17.6,276,26,262,23.2,205,17.8,91,5,235,17.8,231,21.3,229,20.6,193,16.6,92,4.9,245,18.5,270,24.6,232,21,167,13.7,80,4.1,214,16.1,258,23,176,16.1,171,14.1,78,3.9,234,17.5,278,24.4,191,17.5,150,12.5,81,3.9,247,18.4,266,23.1,170,15.6,163,13.7,98,4.6,234,17.4,279,24,170,15.6,135,11.4,83,3.8,256,19.1,316,27,181,16.6,116,9.9,86,3.8,217,16.3,321,27.3,157,14.5,126,10.9,85,3.7,214,16,289,24.4,168,15.4,106,9.2,88,3.7,197,14.8,310,26,165,14.9,106,9.4,89,3.7
Washington,80,7.4,154,16.7,154,16.8,84,8.5,51,3.3,83,7.7,152,16,140,15.4,108,10.9,43,2.7,71,6.5,163,17.4,154,17,105,10.6,45,2.7,68,6.2,139,14.5,128,14.1,91,9.3,53,3.1,79,7.1,159,16.3,131,14.4,88,9.1,39,2.2,75,6.8,134,13.5,122,13.3,82,8.6,31,1.7,66,5.9,134,13.1,112,12.2,91,9.6,36,1.9,74,6.7,163,15.5,101,10.8,75,7.9,38,1.9,68,6.2,132,12.1,95,10,74,7.8,56,2.8,62,5.6,158,14,84,8.6,77,8.2,52,2.5,64,5.8,159,13.8,125,12.5,86,9.2,69,3.2
West Virginia,13,4.6,18,8,29,12.2,17,6.2,5,1,10,3.6,22,9.8,23,9.8,13,4.8,8,1.5,12,4.3,21,9.5,17,7.2,20,7.3,3,0.5,18,6.4,19,8.6,21,8.9,19,7,8,1.4,18,6.4,21,9.5,20,8.6,13,4.9,8,1.4,10,3.5,25,11.4,12,5.2,17,6.6,9,1.5,21,7.5,20,9.2,22,9.6,14,5.6,7,1.2,18,6.5,18,8.3,23,10.1,7,2.8,6,1,9,3.3,19,8.7,16,7.2,13,5.4,11,1.8,22,8.3,25,11.5,15,6.8,12,5,2,0.3,13,5,33,15.3,20,9.2,14,6,5,0.8
Wisconsin,61,6.3,67,9.6,56,7.3,38,4.4,14,1,66,6.8,75,10.6,74,10,44,5,19,1.3,70,7.5,63,8.7,57,7.9,41,4.7,21,1.4,63,6.7,71,9.7,49,6.9,43,5,16,1,54,5.8,59,8.1,42,6,43,5.1,19,1.2,53,5.6,74,10.1,43,6.2,42,5,31,1.9,62,6.6,63,8.6,39,5.7,40,4.9,13,0.8,56,6,78,10.7,40,5.8,36,4.5,15,0.9,71,7.6,65,8.9,34,4.9,30,3.9,29,1.7,67,7.2,90,12.3,39,5.6,42,5.5,21,1.2,45,4.9,76,10.3,34,4.8,32,4.3,23,1.3
Wyoming,3,3.2,7,9.9,6,9.4,5,6.2,2,1.5,4,4.2,6,8,4,6.2,3,3.8,3,2.2,1,1.1,10,12.8,4,6,2,2.4,2,1.4,2,2.2,2,2.5,2,3,5,6.2,4,2.7,1,1.1,1,1.2,2,2.9,0,0,3,1.9,4,4.2,4,4.9,5,7.2,2,2.6,1,0.6,0,0,5,6.1,3,4.3,2,2.7,0,0,5,5.4,4,4.9,5,7.1,2,2.8,1,0.6,2,2.2,10,12.3,3,4.2,2,2.9,4,2.4,0,0,3,3.8,4,5.6,3,4.5,0,0,0,0,9,11.6,2,2.8,1,1.5,0,0